osm_id,feat_type,key,value,commentary
24775977,way,not appliable,not appliable,"Crossings are generally connected to a sidewalk, but some map them lines separately, so <b>watch out for false positives</b>. In general, crossings are designed to be part of a network, they should be connected to other features"
82637218,way,not appliable,not appliable,"Crossings are generally connected to a sidewalk, but some map them lines separately, so <b>watch out for false positives</b>. In general, crossings are designed to be part of a network, they should be connected to other features"
106805350,way,not appliable,not appliable,"Crossings are generally connected to a sidewalk, but some map them lines separately, so <b>watch out for false positives</b>. In general, crossings are designed to be part of a network, they should be connected to other features"
106914280,way,not appliable,not appliable,"Crossings are generally connected to a sidewalk, but some map them lines separately, so <b>watch out for false positives</b>. In general, crossings are designed to be part of a network, they should be connected to other features"
106928168,way,not appliable,not appliable,"Crossings are generally connected to a sidewalk, but some map them lines separately, so <b>watch out for false positives</b>. In general, crossings are designed to be part of a network, they should be connected to other features"
194267133,way,not appliable,not appliable,"Crossings are generally connected to a sidewalk, but some map them lines separately, so <b>watch out for false positives</b>. In general, crossings are designed to be part of a network, they should be connected to other features"
229498760,way,not appliable,not appliable,"Crossings are generally connected to a sidewalk, but some map them lines separately, so <b>watch out for false positives</b>. In general, crossings are designed to be part of a network, they should be connected to other features"
229502085,way,not appliable,not appliable,"Crossings are generally connected to a sidewalk, but some map them lines separately, so <b>watch out for false positives</b>. In general, crossings are designed to be part of a network, they should be connected to other features"
229503448,way,not appliable,not appliable,"Crossings are generally connected to a sidewalk, but some map them lines separately, so <b>watch out for false positives</b>. In general, crossings are designed to be part of a network, they should be connected to other features"
229540794,way,not appliable,not appliable,"Crossings are generally connected to a sidewalk, but some map them lines separately, so <b>watch out for false positives</b>. In general, crossings are designed to be part of a network, they should be connected to other features"
229542842,way,not appliable,not appliable,"Crossings are generally connected to a sidewalk, but some map them lines separately, so <b>watch out for false positives</b>. In general, crossings are designed to be part of a network, they should be connected to other features"
229542974,way,not appliable,not appliable,"Crossings are generally connected to a sidewalk, but some map them lines separately, so <b>watch out for false positives</b>. In general, crossings are designed to be part of a network, they should be connected to other features"
229849975,way,not appliable,not appliable,"Crossings are generally connected to a sidewalk, but some map them lines separately, so <b>watch out for false positives</b>. In general, crossings are designed to be part of a network, they should be connected to other features"
229850995,way,not appliable,not appliable,"Crossings are generally connected to a sidewalk, but some map them lines separately, so <b>watch out for false positives</b>. In general, crossings are designed to be part of a network, they should be connected to other features"
229863260,way,not appliable,not appliable,"Crossings are generally connected to a sidewalk, but some map them lines separately, so <b>watch out for false positives</b>. In general, crossings are designed to be part of a network, they should be connected to other features"
229864850,way,not appliable,not appliable,"Crossings are generally connected to a sidewalk, but some map them lines separately, so <b>watch out for false positives</b>. In general, crossings are designed to be part of a network, they should be connected to other features"
229872764,way,not appliable,not appliable,"Crossings are generally connected to a sidewalk, but some map them lines separately, so <b>watch out for false positives</b>. In general, crossings are designed to be part of a network, they should be connected to other features"
229977685,way,not appliable,not appliable,"Crossings are generally connected to a sidewalk, but some map them lines separately, so <b>watch out for false positives</b>. In general, crossings are designed to be part of a network, they should be connected to other features"
229978246,way,not appliable,not appliable,"Crossings are generally connected to a sidewalk, but some map them lines separately, so <b>watch out for false positives</b>. In general, crossings are designed to be part of a network, they should be connected to other features"
229978247,way,not appliable,not appliable,"Crossings are generally connected to a sidewalk, but some map them lines separately, so <b>watch out for false positives</b>. In general, crossings are designed to be part of a network, they should be connected to other features"
229978248,way,not appliable,not appliable,"Crossings are generally connected to a sidewalk, but some map them lines separately, so <b>watch out for false positives</b>. In general, crossings are designed to be part of a network, they should be connected to other features"
229978544,way,not appliable,not appliable,"Crossings are generally connected to a sidewalk, but some map them lines separately, so <b>watch out for false positives</b>. In general, crossings are designed to be part of a network, they should be connected to other features"
229978545,way,not appliable,not appliable,"Crossings are generally connected to a sidewalk, but some map them lines separately, so <b>watch out for false positives</b>. In general, crossings are designed to be part of a network, they should be connected to other features"
229978582,way,not appliable,not appliable,"Crossings are generally connected to a sidewalk, but some map them lines separately, so <b>watch out for false positives</b>. In general, crossings are designed to be part of a network, they should be connected to other features"
229989867,way,not appliable,not appliable,"Crossings are generally connected to a sidewalk, but some map them lines separately, so <b>watch out for false positives</b>. In general, crossings are designed to be part of a network, they should be connected to other features"
229990975,way,not appliable,not appliable,"Crossings are generally connected to a sidewalk, but some map them lines separately, so <b>watch out for false positives</b>. In general, crossings are designed to be part of a network, they should be connected to other features"
230003157,way,not appliable,not appliable,"Crossings are generally connected to a sidewalk, but some map them lines separately, so <b>watch out for false positives</b>. In general, crossings are designed to be part of a network, they should be connected to other features"
231092796,way,not appliable,not appliable,"Crossings are generally connected to a sidewalk, but some map them lines separately, so <b>watch out for false positives</b>. In general, crossings are designed to be part of a network, they should be connected to other features"
344756273,way,not appliable,not appliable,"Crossings are generally connected to a sidewalk, but some map them lines separately, so <b>watch out for false positives</b>. In general, crossings are designed to be part of a network, they should be connected to other features"
473324195,way,not appliable,not appliable,"Crossings are generally connected to a sidewalk, but some map them lines separately, so <b>watch out for false positives</b>. In general, crossings are designed to be part of a network, they should be connected to other features"
473856869,way,not appliable,not appliable,"Crossings are generally connected to a sidewalk, but some map them lines separately, so <b>watch out for false positives</b>. In general, crossings are designed to be part of a network, they should be connected to other features"
514861797,way,not appliable,not appliable,"Crossings are generally connected to a sidewalk, but some map them lines separately, so <b>watch out for false positives</b>. In general, crossings are designed to be part of a network, they should be connected to other features"
517108556,way,not appliable,not appliable,"Crossings are generally connected to a sidewalk, but some map them lines separately, so <b>watch out for false positives</b>. In general, crossings are designed to be part of a network, they should be connected to other features"
517108557,way,not appliable,not appliable,"Crossings are generally connected to a sidewalk, but some map them lines separately, so <b>watch out for false positives</b>. In general, crossings are designed to be part of a network, they should be connected to other features"
517108558,way,not appliable,not appliable,"Crossings are generally connected to a sidewalk, but some map them lines separately, so <b>watch out for false positives</b>. In general, crossings are designed to be part of a network, they should be connected to other features"
524285791,way,not appliable,not appliable,"Crossings are generally connected to a sidewalk, but some map them lines separately, so <b>watch out for false positives</b>. In general, crossings are designed to be part of a network, they should be connected to other features"
524285880,way,not appliable,not appliable,"Crossings are generally connected to a sidewalk, but some map them lines separately, so <b>watch out for false positives</b>. In general, crossings are designed to be part of a network, they should be connected to other features"
554566852,way,not appliable,not appliable,"Crossings are generally connected to a sidewalk, but some map them lines separately, so <b>watch out for false positives</b>. In general, crossings are designed to be part of a network, they should be connected to other features"
618035749,way,not appliable,not appliable,"Crossings are generally connected to a sidewalk, but some map them lines separately, so <b>watch out for false positives</b>. In general, crossings are designed to be part of a network, they should be connected to other features"
629324551,way,not appliable,not appliable,"Crossings are generally connected to a sidewalk, but some map them lines separately, so <b>watch out for false positives</b>. In general, crossings are designed to be part of a network, they should be connected to other features"
641558571,way,not appliable,not appliable,"Crossings are generally connected to a sidewalk, but some map them lines separately, so <b>watch out for false positives</b>. In general, crossings are designed to be part of a network, they should be connected to other features"
641558577,way,not appliable,not appliable,"Crossings are generally connected to a sidewalk, but some map them lines separately, so <b>watch out for false positives</b>. In general, crossings are designed to be part of a network, they should be connected to other features"
644457817,way,not appliable,not appliable,"Crossings are generally connected to a sidewalk, but some map them lines separately, so <b>watch out for false positives</b>. In general, crossings are designed to be part of a network, they should be connected to other features"
645789432,way,not appliable,not appliable,"Crossings are generally connected to a sidewalk, but some map them lines separately, so <b>watch out for false positives</b>. In general, crossings are designed to be part of a network, they should be connected to other features"
645789433,way,not appliable,not appliable,"Crossings are generally connected to a sidewalk, but some map them lines separately, so <b>watch out for false positives</b>. In general, crossings are designed to be part of a network, they should be connected to other features"
645789435,way,not appliable,not appliable,"Crossings are generally connected to a sidewalk, but some map them lines separately, so <b>watch out for false positives</b>. In general, crossings are designed to be part of a network, they should be connected to other features"
645789436,way,not appliable,not appliable,"Crossings are generally connected to a sidewalk, but some map them lines separately, so <b>watch out for false positives</b>. In general, crossings are designed to be part of a network, they should be connected to other features"
645789437,way,not appliable,not appliable,"Crossings are generally connected to a sidewalk, but some map them lines separately, so <b>watch out for false positives</b>. In general, crossings are designed to be part of a network, they should be connected to other features"
645789441,way,not appliable,not appliable,"Crossings are generally connected to a sidewalk, but some map them lines separately, so <b>watch out for false positives</b>. In general, crossings are designed to be part of a network, they should be connected to other features"
645789442,way,not appliable,not appliable,"Crossings are generally connected to a sidewalk, but some map them lines separately, so <b>watch out for false positives</b>. In general, crossings are designed to be part of a network, they should be connected to other features"
645789443,way,not appliable,not appliable,"Crossings are generally connected to a sidewalk, but some map them lines separately, so <b>watch out for false positives</b>. In general, crossings are designed to be part of a network, they should be connected to other features"
645789445,way,not appliable,not appliable,"Crossings are generally connected to a sidewalk, but some map them lines separately, so <b>watch out for false positives</b>. In general, crossings are designed to be part of a network, they should be connected to other features"
645789447,way,not appliable,not appliable,"Crossings are generally connected to a sidewalk, but some map them lines separately, so <b>watch out for false positives</b>. In general, crossings are designed to be part of a network, they should be connected to other features"
645789449,way,not appliable,not appliable,"Crossings are generally connected to a sidewalk, but some map them lines separately, so <b>watch out for false positives</b>. In general, crossings are designed to be part of a network, they should be connected to other features"
645789453,way,not appliable,not appliable,"Crossings are generally connected to a sidewalk, but some map them lines separately, so <b>watch out for false positives</b>. In general, crossings are designed to be part of a network, they should be connected to other features"
645789455,way,not appliable,not appliable,"Crossings are generally connected to a sidewalk, but some map them lines separately, so <b>watch out for false positives</b>. In general, crossings are designed to be part of a network, they should be connected to other features"
645789456,way,not appliable,not appliable,"Crossings are generally connected to a sidewalk, but some map them lines separately, so <b>watch out for false positives</b>. In general, crossings are designed to be part of a network, they should be connected to other features"
645789457,way,not appliable,not appliable,"Crossings are generally connected to a sidewalk, but some map them lines separately, so <b>watch out for false positives</b>. In general, crossings are designed to be part of a network, they should be connected to other features"
645789461,way,not appliable,not appliable,"Crossings are generally connected to a sidewalk, but some map them lines separately, so <b>watch out for false positives</b>. In general, crossings are designed to be part of a network, they should be connected to other features"
645789464,way,not appliable,not appliable,"Crossings are generally connected to a sidewalk, but some map them lines separately, so <b>watch out for false positives</b>. In general, crossings are designed to be part of a network, they should be connected to other features"
646016142,way,not appliable,not appliable,"Crossings are generally connected to a sidewalk, but some map them lines separately, so <b>watch out for false positives</b>. In general, crossings are designed to be part of a network, they should be connected to other features"
646016150,way,not appliable,not appliable,"Crossings are generally connected to a sidewalk, but some map them lines separately, so <b>watch out for false positives</b>. In general, crossings are designed to be part of a network, they should be connected to other features"
650093220,way,not appliable,not appliable,"Crossings are generally connected to a sidewalk, but some map them lines separately, so <b>watch out for false positives</b>. In general, crossings are designed to be part of a network, they should be connected to other features"
654379427,way,not appliable,not appliable,"Crossings are generally connected to a sidewalk, but some map them lines separately, so <b>watch out for false positives</b>. In general, crossings are designed to be part of a network, they should be connected to other features"
654379428,way,not appliable,not appliable,"Crossings are generally connected to a sidewalk, but some map them lines separately, so <b>watch out for false positives</b>. In general, crossings are designed to be part of a network, they should be connected to other features"
657092705,way,not appliable,not appliable,"Crossings are generally connected to a sidewalk, but some map them lines separately, so <b>watch out for false positives</b>. In general, crossings are designed to be part of a network, they should be connected to other features"
657095950,way,not appliable,not appliable,"Crossings are generally connected to a sidewalk, but some map them lines separately, so <b>watch out for false positives</b>. In general, crossings are designed to be part of a network, they should be connected to other features"
657750854,way,not appliable,not appliable,"Crossings are generally connected to a sidewalk, but some map them lines separately, so <b>watch out for false positives</b>. In general, crossings are designed to be part of a network, they should be connected to other features"
657750864,way,not appliable,not appliable,"Crossings are generally connected to a sidewalk, but some map them lines separately, so <b>watch out for false positives</b>. In general, crossings are designed to be part of a network, they should be connected to other features"
657750865,way,not appliable,not appliable,"Crossings are generally connected to a sidewalk, but some map them lines separately, so <b>watch out for false positives</b>. In general, crossings are designed to be part of a network, they should be connected to other features"
659237661,way,not appliable,not appliable,"Crossings are generally connected to a sidewalk, but some map them lines separately, so <b>watch out for false positives</b>. In general, crossings are designed to be part of a network, they should be connected to other features"
659237663,way,not appliable,not appliable,"Crossings are generally connected to a sidewalk, but some map them lines separately, so <b>watch out for false positives</b>. In general, crossings are designed to be part of a network, they should be connected to other features"
659237665,way,not appliable,not appliable,"Crossings are generally connected to a sidewalk, but some map them lines separately, so <b>watch out for false positives</b>. In general, crossings are designed to be part of a network, they should be connected to other features"
659237669,way,not appliable,not appliable,"Crossings are generally connected to a sidewalk, but some map them lines separately, so <b>watch out for false positives</b>. In general, crossings are designed to be part of a network, they should be connected to other features"
659237670,way,not appliable,not appliable,"Crossings are generally connected to a sidewalk, but some map them lines separately, so <b>watch out for false positives</b>. In general, crossings are designed to be part of a network, they should be connected to other features"
659237676,way,not appliable,not appliable,"Crossings are generally connected to a sidewalk, but some map them lines separately, so <b>watch out for false positives</b>. In general, crossings are designed to be part of a network, they should be connected to other features"
659237677,way,not appliable,not appliable,"Crossings are generally connected to a sidewalk, but some map them lines separately, so <b>watch out for false positives</b>. In general, crossings are designed to be part of a network, they should be connected to other features"
659237678,way,not appliable,not appliable,"Crossings are generally connected to a sidewalk, but some map them lines separately, so <b>watch out for false positives</b>. In general, crossings are designed to be part of a network, they should be connected to other features"
659237679,way,not appliable,not appliable,"Crossings are generally connected to a sidewalk, but some map them lines separately, so <b>watch out for false positives</b>. In general, crossings are designed to be part of a network, they should be connected to other features"
659237700,way,not appliable,not appliable,"Crossings are generally connected to a sidewalk, but some map them lines separately, so <b>watch out for false positives</b>. In general, crossings are designed to be part of a network, they should be connected to other features"
659237701,way,not appliable,not appliable,"Crossings are generally connected to a sidewalk, but some map them lines separately, so <b>watch out for false positives</b>. In general, crossings are designed to be part of a network, they should be connected to other features"
659237705,way,not appliable,not appliable,"Crossings are generally connected to a sidewalk, but some map them lines separately, so <b>watch out for false positives</b>. In general, crossings are designed to be part of a network, they should be connected to other features"
659237706,way,not appliable,not appliable,"Crossings are generally connected to a sidewalk, but some map them lines separately, so <b>watch out for false positives</b>. In general, crossings are designed to be part of a network, they should be connected to other features"
659237707,way,not appliable,not appliable,"Crossings are generally connected to a sidewalk, but some map them lines separately, so <b>watch out for false positives</b>. In general, crossings are designed to be part of a network, they should be connected to other features"
659237708,way,not appliable,not appliable,"Crossings are generally connected to a sidewalk, but some map them lines separately, so <b>watch out for false positives</b>. In general, crossings are designed to be part of a network, they should be connected to other features"
659237709,way,not appliable,not appliable,"Crossings are generally connected to a sidewalk, but some map them lines separately, so <b>watch out for false positives</b>. In general, crossings are designed to be part of a network, they should be connected to other features"
659237714,way,not appliable,not appliable,"Crossings are generally connected to a sidewalk, but some map them lines separately, so <b>watch out for false positives</b>. In general, crossings are designed to be part of a network, they should be connected to other features"
659241090,way,not appliable,not appliable,"Crossings are generally connected to a sidewalk, but some map them lines separately, so <b>watch out for false positives</b>. In general, crossings are designed to be part of a network, they should be connected to other features"
659241092,way,not appliable,not appliable,"Crossings are generally connected to a sidewalk, but some map them lines separately, so <b>watch out for false positives</b>. In general, crossings are designed to be part of a network, they should be connected to other features"
659435710,way,not appliable,not appliable,"Crossings are generally connected to a sidewalk, but some map them lines separately, so <b>watch out for false positives</b>. In general, crossings are designed to be part of a network, they should be connected to other features"
659435720,way,not appliable,not appliable,"Crossings are generally connected to a sidewalk, but some map them lines separately, so <b>watch out for false positives</b>. In general, crossings are designed to be part of a network, they should be connected to other features"
659596361,way,not appliable,not appliable,"Crossings are generally connected to a sidewalk, but some map them lines separately, so <b>watch out for false positives</b>. In general, crossings are designed to be part of a network, they should be connected to other features"
659596367,way,not appliable,not appliable,"Crossings are generally connected to a sidewalk, but some map them lines separately, so <b>watch out for false positives</b>. In general, crossings are designed to be part of a network, they should be connected to other features"
659599244,way,not appliable,not appliable,"Crossings are generally connected to a sidewalk, but some map them lines separately, so <b>watch out for false positives</b>. In general, crossings are designed to be part of a network, they should be connected to other features"
659608764,way,not appliable,not appliable,"Crossings are generally connected to a sidewalk, but some map them lines separately, so <b>watch out for false positives</b>. In general, crossings are designed to be part of a network, they should be connected to other features"
660019010,way,not appliable,not appliable,"Crossings are generally connected to a sidewalk, but some map them lines separately, so <b>watch out for false positives</b>. In general, crossings are designed to be part of a network, they should be connected to other features"
660026414,way,not appliable,not appliable,"Crossings are generally connected to a sidewalk, but some map them lines separately, so <b>watch out for false positives</b>. In general, crossings are designed to be part of a network, they should be connected to other features"
660026415,way,not appliable,not appliable,"Crossings are generally connected to a sidewalk, but some map them lines separately, so <b>watch out for false positives</b>. In general, crossings are designed to be part of a network, they should be connected to other features"
660609544,way,not appliable,not appliable,"Crossings are generally connected to a sidewalk, but some map them lines separately, so <b>watch out for false positives</b>. In general, crossings are designed to be part of a network, they should be connected to other features"
660609545,way,not appliable,not appliable,"Crossings are generally connected to a sidewalk, but some map them lines separately, so <b>watch out for false positives</b>. In general, crossings are designed to be part of a network, they should be connected to other features"
662538163,way,not appliable,not appliable,"Crossings are generally connected to a sidewalk, but some map them lines separately, so <b>watch out for false positives</b>. In general, crossings are designed to be part of a network, they should be connected to other features"
662538174,way,not appliable,not appliable,"Crossings are generally connected to a sidewalk, but some map them lines separately, so <b>watch out for false positives</b>. In general, crossings are designed to be part of a network, they should be connected to other features"
663339774,way,not appliable,not appliable,"Crossings are generally connected to a sidewalk, but some map them lines separately, so <b>watch out for false positives</b>. In general, crossings are designed to be part of a network, they should be connected to other features"
663339786,way,not appliable,not appliable,"Crossings are generally connected to a sidewalk, but some map them lines separately, so <b>watch out for false positives</b>. In general, crossings are designed to be part of a network, they should be connected to other features"
663339787,way,not appliable,not appliable,"Crossings are generally connected to a sidewalk, but some map them lines separately, so <b>watch out for false positives</b>. In general, crossings are designed to be part of a network, they should be connected to other features"
663339788,way,not appliable,not appliable,"Crossings are generally connected to a sidewalk, but some map them lines separately, so <b>watch out for false positives</b>. In general, crossings are designed to be part of a network, they should be connected to other features"
663339792,way,not appliable,not appliable,"Crossings are generally connected to a sidewalk, but some map them lines separately, so <b>watch out for false positives</b>. In general, crossings are designed to be part of a network, they should be connected to other features"
663373645,way,not appliable,not appliable,"Crossings are generally connected to a sidewalk, but some map them lines separately, so <b>watch out for false positives</b>. In general, crossings are designed to be part of a network, they should be connected to other features"
663377929,way,not appliable,not appliable,"Crossings are generally connected to a sidewalk, but some map them lines separately, so <b>watch out for false positives</b>. In general, crossings are designed to be part of a network, they should be connected to other features"
663647805,way,not appliable,not appliable,"Crossings are generally connected to a sidewalk, but some map them lines separately, so <b>watch out for false positives</b>. In general, crossings are designed to be part of a network, they should be connected to other features"
663647806,way,not appliable,not appliable,"Crossings are generally connected to a sidewalk, but some map them lines separately, so <b>watch out for false positives</b>. In general, crossings are designed to be part of a network, they should be connected to other features"
663647807,way,not appliable,not appliable,"Crossings are generally connected to a sidewalk, but some map them lines separately, so <b>watch out for false positives</b>. In general, crossings are designed to be part of a network, they should be connected to other features"
663647813,way,not appliable,not appliable,"Crossings are generally connected to a sidewalk, but some map them lines separately, so <b>watch out for false positives</b>. In general, crossings are designed to be part of a network, they should be connected to other features"
664311258,way,not appliable,not appliable,"Crossings are generally connected to a sidewalk, but some map them lines separately, so <b>watch out for false positives</b>. In general, crossings are designed to be part of a network, they should be connected to other features"
664311283,way,not appliable,not appliable,"Crossings are generally connected to a sidewalk, but some map them lines separately, so <b>watch out for false positives</b>. In general, crossings are designed to be part of a network, they should be connected to other features"
664311295,way,not appliable,not appliable,"Crossings are generally connected to a sidewalk, but some map them lines separately, so <b>watch out for false positives</b>. In general, crossings are designed to be part of a network, they should be connected to other features"
664311297,way,not appliable,not appliable,"Crossings are generally connected to a sidewalk, but some map them lines separately, so <b>watch out for false positives</b>. In general, crossings are designed to be part of a network, they should be connected to other features"
664311308,way,not appliable,not appliable,"Crossings are generally connected to a sidewalk, but some map them lines separately, so <b>watch out for false positives</b>. In general, crossings are designed to be part of a network, they should be connected to other features"
664311309,way,not appliable,not appliable,"Crossings are generally connected to a sidewalk, but some map them lines separately, so <b>watch out for false positives</b>. In general, crossings are designed to be part of a network, they should be connected to other features"
664311311,way,not appliable,not appliable,"Crossings are generally connected to a sidewalk, but some map them lines separately, so <b>watch out for false positives</b>. In general, crossings are designed to be part of a network, they should be connected to other features"
664575380,way,not appliable,not appliable,"Crossings are generally connected to a sidewalk, but some map them lines separately, so <b>watch out for false positives</b>. In general, crossings are designed to be part of a network, they should be connected to other features"
664575385,way,not appliable,not appliable,"Crossings are generally connected to a sidewalk, but some map them lines separately, so <b>watch out for false positives</b>. In general, crossings are designed to be part of a network, they should be connected to other features"
664575386,way,not appliable,not appliable,"Crossings are generally connected to a sidewalk, but some map them lines separately, so <b>watch out for false positives</b>. In general, crossings are designed to be part of a network, they should be connected to other features"
664575392,way,not appliable,not appliable,"Crossings are generally connected to a sidewalk, but some map them lines separately, so <b>watch out for false positives</b>. In general, crossings are designed to be part of a network, they should be connected to other features"
664575393,way,not appliable,not appliable,"Crossings are generally connected to a sidewalk, but some map them lines separately, so <b>watch out for false positives</b>. In general, crossings are designed to be part of a network, they should be connected to other features"
664575397,way,not appliable,not appliable,"Crossings are generally connected to a sidewalk, but some map them lines separately, so <b>watch out for false positives</b>. In general, crossings are designed to be part of a network, they should be connected to other features"
664575398,way,not appliable,not appliable,"Crossings are generally connected to a sidewalk, but some map them lines separately, so <b>watch out for false positives</b>. In general, crossings are designed to be part of a network, they should be connected to other features"
664575412,way,not appliable,not appliable,"Crossings are generally connected to a sidewalk, but some map them lines separately, so <b>watch out for false positives</b>. In general, crossings are designed to be part of a network, they should be connected to other features"
664575413,way,not appliable,not appliable,"Crossings are generally connected to a sidewalk, but some map them lines separately, so <b>watch out for false positives</b>. In general, crossings are designed to be part of a network, they should be connected to other features"
671002340,way,not appliable,not appliable,"Crossings are generally connected to a sidewalk, but some map them lines separately, so <b>watch out for false positives</b>. In general, crossings are designed to be part of a network, they should be connected to other features"
671002343,way,not appliable,not appliable,"Crossings are generally connected to a sidewalk, but some map them lines separately, so <b>watch out for false positives</b>. In general, crossings are designed to be part of a network, they should be connected to other features"
671124847,way,not appliable,not appliable,"Crossings are generally connected to a sidewalk, but some map them lines separately, so <b>watch out for false positives</b>. In general, crossings are designed to be part of a network, they should be connected to other features"
671127087,way,not appliable,not appliable,"Crossings are generally connected to a sidewalk, but some map them lines separately, so <b>watch out for false positives</b>. In general, crossings are designed to be part of a network, they should be connected to other features"
672436957,way,not appliable,not appliable,"Crossings are generally connected to a sidewalk, but some map them lines separately, so <b>watch out for false positives</b>. In general, crossings are designed to be part of a network, they should be connected to other features"
672577323,way,not appliable,not appliable,"Crossings are generally connected to a sidewalk, but some map them lines separately, so <b>watch out for false positives</b>. In general, crossings are designed to be part of a network, they should be connected to other features"
672577325,way,not appliable,not appliable,"Crossings are generally connected to a sidewalk, but some map them lines separately, so <b>watch out for false positives</b>. In general, crossings are designed to be part of a network, they should be connected to other features"
672577327,way,not appliable,not appliable,"Crossings are generally connected to a sidewalk, but some map them lines separately, so <b>watch out for false positives</b>. In general, crossings are designed to be part of a network, they should be connected to other features"
672577328,way,not appliable,not appliable,"Crossings are generally connected to a sidewalk, but some map them lines separately, so <b>watch out for false positives</b>. In general, crossings are designed to be part of a network, they should be connected to other features"
672577329,way,not appliable,not appliable,"Crossings are generally connected to a sidewalk, but some map them lines separately, so <b>watch out for false positives</b>. In general, crossings are designed to be part of a network, they should be connected to other features"
686240784,way,not appliable,not appliable,"Crossings are generally connected to a sidewalk, but some map them lines separately, so <b>watch out for false positives</b>. In general, crossings are designed to be part of a network, they should be connected to other features"
686240785,way,not appliable,not appliable,"Crossings are generally connected to a sidewalk, but some map them lines separately, so <b>watch out for false positives</b>. In general, crossings are designed to be part of a network, they should be connected to other features"
686240786,way,not appliable,not appliable,"Crossings are generally connected to a sidewalk, but some map them lines separately, so <b>watch out for false positives</b>. In general, crossings are designed to be part of a network, they should be connected to other features"
686240798,way,not appliable,not appliable,"Crossings are generally connected to a sidewalk, but some map them lines separately, so <b>watch out for false positives</b>. In general, crossings are designed to be part of a network, they should be connected to other features"
686242705,way,not appliable,not appliable,"Crossings are generally connected to a sidewalk, but some map them lines separately, so <b>watch out for false positives</b>. In general, crossings are designed to be part of a network, they should be connected to other features"
686716711,way,not appliable,not appliable,"Crossings are generally connected to a sidewalk, but some map them lines separately, so <b>watch out for false positives</b>. In general, crossings are designed to be part of a network, they should be connected to other features"
688527587,way,not appliable,not appliable,"Crossings are generally connected to a sidewalk, but some map them lines separately, so <b>watch out for false positives</b>. In general, crossings are designed to be part of a network, they should be connected to other features"
688527588,way,not appliable,not appliable,"Crossings are generally connected to a sidewalk, but some map them lines separately, so <b>watch out for false positives</b>. In general, crossings are designed to be part of a network, they should be connected to other features"
688527589,way,not appliable,not appliable,"Crossings are generally connected to a sidewalk, but some map them lines separately, so <b>watch out for false positives</b>. In general, crossings are designed to be part of a network, they should be connected to other features"
688532118,way,not appliable,not appliable,"Crossings are generally connected to a sidewalk, but some map them lines separately, so <b>watch out for false positives</b>. In general, crossings are designed to be part of a network, they should be connected to other features"
688532119,way,not appliable,not appliable,"Crossings are generally connected to a sidewalk, but some map them lines separately, so <b>watch out for false positives</b>. In general, crossings are designed to be part of a network, they should be connected to other features"
692641618,way,not appliable,not appliable,"Crossings are generally connected to a sidewalk, but some map them lines separately, so <b>watch out for false positives</b>. In general, crossings are designed to be part of a network, they should be connected to other features"
694310121,way,not appliable,not appliable,"Crossings are generally connected to a sidewalk, but some map them lines separately, so <b>watch out for false positives</b>. In general, crossings are designed to be part of a network, they should be connected to other features"
696205537,way,not appliable,not appliable,"Crossings are generally connected to a sidewalk, but some map them lines separately, so <b>watch out for false positives</b>. In general, crossings are designed to be part of a network, they should be connected to other features"
696233901,way,not appliable,not appliable,"Crossings are generally connected to a sidewalk, but some map them lines separately, so <b>watch out for false positives</b>. In general, crossings are designed to be part of a network, they should be connected to other features"
697659785,way,not appliable,not appliable,"Crossings are generally connected to a sidewalk, but some map them lines separately, so <b>watch out for false positives</b>. In general, crossings are designed to be part of a network, they should be connected to other features"
697659786,way,not appliable,not appliable,"Crossings are generally connected to a sidewalk, but some map them lines separately, so <b>watch out for false positives</b>. In general, crossings are designed to be part of a network, they should be connected to other features"
698273408,way,not appliable,not appliable,"Crossings are generally connected to a sidewalk, but some map them lines separately, so <b>watch out for false positives</b>. In general, crossings are designed to be part of a network, they should be connected to other features"
698273409,way,not appliable,not appliable,"Crossings are generally connected to a sidewalk, but some map them lines separately, so <b>watch out for false positives</b>. In general, crossings are designed to be part of a network, they should be connected to other features"
698775688,way,not appliable,not appliable,"Crossings are generally connected to a sidewalk, but some map them lines separately, so <b>watch out for false positives</b>. In general, crossings are designed to be part of a network, they should be connected to other features"
709357770,way,not appliable,not appliable,"Crossings are generally connected to a sidewalk, but some map them lines separately, so <b>watch out for false positives</b>. In general, crossings are designed to be part of a network, they should be connected to other features"
709357771,way,not appliable,not appliable,"Crossings are generally connected to a sidewalk, but some map them lines separately, so <b>watch out for false positives</b>. In general, crossings are designed to be part of a network, they should be connected to other features"
709357773,way,not appliable,not appliable,"Crossings are generally connected to a sidewalk, but some map them lines separately, so <b>watch out for false positives</b>. In general, crossings are designed to be part of a network, they should be connected to other features"
715060923,way,not appliable,not appliable,"Crossings are generally connected to a sidewalk, but some map them lines separately, so <b>watch out for false positives</b>. In general, crossings are designed to be part of a network, they should be connected to other features"
724738046,way,not appliable,not appliable,"Crossings are generally connected to a sidewalk, but some map them lines separately, so <b>watch out for false positives</b>. In general, crossings are designed to be part of a network, they should be connected to other features"
724738047,way,not appliable,not appliable,"Crossings are generally connected to a sidewalk, but some map them lines separately, so <b>watch out for false positives</b>. In general, crossings are designed to be part of a network, they should be connected to other features"
731579566,way,not appliable,not appliable,"Crossings are generally connected to a sidewalk, but some map them lines separately, so <b>watch out for false positives</b>. In general, crossings are designed to be part of a network, they should be connected to other features"
731579567,way,not appliable,not appliable,"Crossings are generally connected to a sidewalk, but some map them lines separately, so <b>watch out for false positives</b>. In general, crossings are designed to be part of a network, they should be connected to other features"
731579568,way,not appliable,not appliable,"Crossings are generally connected to a sidewalk, but some map them lines separately, so <b>watch out for false positives</b>. In general, crossings are designed to be part of a network, they should be connected to other features"
731579569,way,not appliable,not appliable,"Crossings are generally connected to a sidewalk, but some map them lines separately, so <b>watch out for false positives</b>. In general, crossings are designed to be part of a network, they should be connected to other features"
731579570,way,not appliable,not appliable,"Crossings are generally connected to a sidewalk, but some map them lines separately, so <b>watch out for false positives</b>. In general, crossings are designed to be part of a network, they should be connected to other features"
731579571,way,not appliable,not appliable,"Crossings are generally connected to a sidewalk, but some map them lines separately, so <b>watch out for false positives</b>. In general, crossings are designed to be part of a network, they should be connected to other features"
731579572,way,not appliable,not appliable,"Crossings are generally connected to a sidewalk, but some map them lines separately, so <b>watch out for false positives</b>. In general, crossings are designed to be part of a network, they should be connected to other features"
739461153,way,not appliable,not appliable,"Crossings are generally connected to a sidewalk, but some map them lines separately, so <b>watch out for false positives</b>. In general, crossings are designed to be part of a network, they should be connected to other features"
744726677,way,not appliable,not appliable,"Crossings are generally connected to a sidewalk, but some map them lines separately, so <b>watch out for false positives</b>. In general, crossings are designed to be part of a network, they should be connected to other features"
754946328,way,not appliable,not appliable,"Crossings are generally connected to a sidewalk, but some map them lines separately, so <b>watch out for false positives</b>. In general, crossings are designed to be part of a network, they should be connected to other features"
758441648,way,not appliable,not appliable,"Crossings are generally connected to a sidewalk, but some map them lines separately, so <b>watch out for false positives</b>. In general, crossings are designed to be part of a network, they should be connected to other features"
763039967,way,not appliable,not appliable,"Crossings are generally connected to a sidewalk, but some map them lines separately, so <b>watch out for false positives</b>. In general, crossings are designed to be part of a network, they should be connected to other features"
765540232,way,not appliable,not appliable,"Crossings are generally connected to a sidewalk, but some map them lines separately, so <b>watch out for false positives</b>. In general, crossings are designed to be part of a network, they should be connected to other features"
768800271,way,not appliable,not appliable,"Crossings are generally connected to a sidewalk, but some map them lines separately, so <b>watch out for false positives</b>. In general, crossings are designed to be part of a network, they should be connected to other features"
775643728,way,not appliable,not appliable,"Crossings are generally connected to a sidewalk, but some map them lines separately, so <b>watch out for false positives</b>. In general, crossings are designed to be part of a network, they should be connected to other features"
866477376,way,not appliable,not appliable,"Crossings are generally connected to a sidewalk, but some map them lines separately, so <b>watch out for false positives</b>. In general, crossings are designed to be part of a network, they should be connected to other features"
866477377,way,not appliable,not appliable,"Crossings are generally connected to a sidewalk, but some map them lines separately, so <b>watch out for false positives</b>. In general, crossings are designed to be part of a network, they should be connected to other features"
866477378,way,not appliable,not appliable,"Crossings are generally connected to a sidewalk, but some map them lines separately, so <b>watch out for false positives</b>. In general, crossings are designed to be part of a network, they should be connected to other features"
866477379,way,not appliable,not appliable,"Crossings are generally connected to a sidewalk, but some map them lines separately, so <b>watch out for false positives</b>. In general, crossings are designed to be part of a network, they should be connected to other features"
866481566,way,not appliable,not appliable,"Crossings are generally connected to a sidewalk, but some map them lines separately, so <b>watch out for false positives</b>. In general, crossings are designed to be part of a network, they should be connected to other features"
866481567,way,not appliable,not appliable,"Crossings are generally connected to a sidewalk, but some map them lines separately, so <b>watch out for false positives</b>. In general, crossings are designed to be part of a network, they should be connected to other features"
885336008,way,not appliable,not appliable,"Crossings are generally connected to a sidewalk, but some map them lines separately, so <b>watch out for false positives</b>. In general, crossings are designed to be part of a network, they should be connected to other features"
885336009,way,not appliable,not appliable,"Crossings are generally connected to a sidewalk, but some map them lines separately, so <b>watch out for false positives</b>. In general, crossings are designed to be part of a network, they should be connected to other features"
885336010,way,not appliable,not appliable,"Crossings are generally connected to a sidewalk, but some map them lines separately, so <b>watch out for false positives</b>. In general, crossings are designed to be part of a network, they should be connected to other features"
886184893,way,not appliable,not appliable,"Crossings are generally connected to a sidewalk, but some map them lines separately, so <b>watch out for false positives</b>. In general, crossings are designed to be part of a network, they should be connected to other features"
886184895,way,not appliable,not appliable,"Crossings are generally connected to a sidewalk, but some map them lines separately, so <b>watch out for false positives</b>. In general, crossings are designed to be part of a network, they should be connected to other features"
913050752,way,not appliable,not appliable,"Crossings are generally connected to a sidewalk, but some map them lines separately, so <b>watch out for false positives</b>. In general, crossings are designed to be part of a network, they should be connected to other features"
913050753,way,not appliable,not appliable,"Crossings are generally connected to a sidewalk, but some map them lines separately, so <b>watch out for false positives</b>. In general, crossings are designed to be part of a network, they should be connected to other features"
957702523,way,not appliable,not appliable,"Crossings are generally connected to a sidewalk, but some map them lines separately, so <b>watch out for false positives</b>. In general, crossings are designed to be part of a network, they should be connected to other features"
985650394,way,not appliable,not appliable,"Crossings are generally connected to a sidewalk, but some map them lines separately, so <b>watch out for false positives</b>. In general, crossings are designed to be part of a network, they should be connected to other features"
985650395,way,not appliable,not appliable,"Crossings are generally connected to a sidewalk, but some map them lines separately, so <b>watch out for false positives</b>. In general, crossings are designed to be part of a network, they should be connected to other features"
1020755063,way,not appliable,not appliable,"Crossings are generally connected to a sidewalk, but some map them lines separately, so <b>watch out for false positives</b>. In general, crossings are designed to be part of a network, they should be connected to other features"
1025376342,way,not appliable,not appliable,"Crossings are generally connected to a sidewalk, but some map them lines separately, so <b>watch out for false positives</b>. In general, crossings are designed to be part of a network, they should be connected to other features"
1025376347,way,not appliable,not appliable,"Crossings are generally connected to a sidewalk, but some map them lines separately, so <b>watch out for false positives</b>. In general, crossings are designed to be part of a network, they should be connected to other features"
1042657728,way,not appliable,not appliable,"Crossings are generally connected to a sidewalk, but some map them lines separately, so <b>watch out for false positives</b>. In general, crossings are designed to be part of a network, they should be connected to other features"
1047723997,way,not appliable,not appliable,"Crossings are generally connected to a sidewalk, but some map them lines separately, so <b>watch out for false positives</b>. In general, crossings are designed to be part of a network, they should be connected to other features"
1050447236,way,not appliable,not appliable,"Crossings are generally connected to a sidewalk, but some map them lines separately, so <b>watch out for false positives</b>. In general, crossings are designed to be part of a network, they should be connected to other features"
1050447237,way,not appliable,not appliable,"Crossings are generally connected to a sidewalk, but some map them lines separately, so <b>watch out for false positives</b>. In general, crossings are designed to be part of a network, they should be connected to other features"
1050447239,way,not appliable,not appliable,"Crossings are generally connected to a sidewalk, but some map them lines separately, so <b>watch out for false positives</b>. In general, crossings are designed to be part of a network, they should be connected to other features"
1050447241,way,not appliable,not appliable,"Crossings are generally connected to a sidewalk, but some map them lines separately, so <b>watch out for false positives</b>. In general, crossings are designed to be part of a network, they should be connected to other features"
1054973923,way,not appliable,not appliable,"Crossings are generally connected to a sidewalk, but some map them lines separately, so <b>watch out for false positives</b>. In general, crossings are designed to be part of a network, they should be connected to other features"
1091682935,way,not appliable,not appliable,"Crossings are generally connected to a sidewalk, but some map them lines separately, so <b>watch out for false positives</b>. In general, crossings are designed to be part of a network, they should be connected to other features"
1097986246,way,not appliable,not appliable,"Crossings are generally connected to a sidewalk, but some map them lines separately, so <b>watch out for false positives</b>. In general, crossings are designed to be part of a network, they should be connected to other features"
1098004733,way,not appliable,not appliable,"Crossings are generally connected to a sidewalk, but some map them lines separately, so <b>watch out for false positives</b>. In general, crossings are designed to be part of a network, they should be connected to other features"
1098004734,way,not appliable,not appliable,"Crossings are generally connected to a sidewalk, but some map them lines separately, so <b>watch out for false positives</b>. In general, crossings are designed to be part of a network, they should be connected to other features"
1126837469,way,not appliable,not appliable,"Crossings are generally connected to a sidewalk, but some map them lines separately, so <b>watch out for false positives</b>. In general, crossings are designed to be part of a network, they should be connected to other features"
1151976153,way,not appliable,not appliable,"Crossings are generally connected to a sidewalk, but some map them lines separately, so <b>watch out for false positives</b>. In general, crossings are designed to be part of a network, they should be connected to other features"
1151976155,way,not appliable,not appliable,"Crossings are generally connected to a sidewalk, but some map them lines separately, so <b>watch out for false positives</b>. In general, crossings are designed to be part of a network, they should be connected to other features"
1151976156,way,not appliable,not appliable,"Crossings are generally connected to a sidewalk, but some map them lines separately, so <b>watch out for false positives</b>. In general, crossings are designed to be part of a network, they should be connected to other features"
1151976161,way,not appliable,not appliable,"Crossings are generally connected to a sidewalk, but some map them lines separately, so <b>watch out for false positives</b>. In general, crossings are designed to be part of a network, they should be connected to other features"
1151976164,way,not appliable,not appliable,"Crossings are generally connected to a sidewalk, but some map them lines separately, so <b>watch out for false positives</b>. In general, crossings are designed to be part of a network, they should be connected to other features"
1151977576,way,not appliable,not appliable,"Crossings are generally connected to a sidewalk, but some map them lines separately, so <b>watch out for false positives</b>. In general, crossings are designed to be part of a network, they should be connected to other features"
1152582611,way,not appliable,not appliable,"Crossings are generally connected to a sidewalk, but some map them lines separately, so <b>watch out for false positives</b>. In general, crossings are designed to be part of a network, they should be connected to other features"
1155016619,way,not appliable,not appliable,"Crossings are generally connected to a sidewalk, but some map them lines separately, so <b>watch out for false positives</b>. In general, crossings are designed to be part of a network, they should be connected to other features"
1155019032,way,not appliable,not appliable,"Crossings are generally connected to a sidewalk, but some map them lines separately, so <b>watch out for false positives</b>. In general, crossings are designed to be part of a network, they should be connected to other features"
1155019033,way,not appliable,not appliable,"Crossings are generally connected to a sidewalk, but some map them lines separately, so <b>watch out for false positives</b>. In general, crossings are designed to be part of a network, they should be connected to other features"
1155020590,way,not appliable,not appliable,"Crossings are generally connected to a sidewalk, but some map them lines separately, so <b>watch out for false positives</b>. In general, crossings are designed to be part of a network, they should be connected to other features"
1155020591,way,not appliable,not appliable,"Crossings are generally connected to a sidewalk, but some map them lines separately, so <b>watch out for false positives</b>. In general, crossings are designed to be part of a network, they should be connected to other features"
1155020592,way,not appliable,not appliable,"Crossings are generally connected to a sidewalk, but some map them lines separately, so <b>watch out for false positives</b>. In general, crossings are designed to be part of a network, they should be connected to other features"
1156759437,way,not appliable,not appliable,"Crossings are generally connected to a sidewalk, but some map them lines separately, so <b>watch out for false positives</b>. In general, crossings are designed to be part of a network, they should be connected to other features"
1158558308,way,not appliable,not appliable,"Crossings are generally connected to a sidewalk, but some map them lines separately, so <b>watch out for false positives</b>. In general, crossings are designed to be part of a network, they should be connected to other features"
1162575101,way,not appliable,not appliable,"Crossings are generally connected to a sidewalk, but some map them lines separately, so <b>watch out for false positives</b>. In general, crossings are designed to be part of a network, they should be connected to other features"
1167564715,way,not appliable,not appliable,"Crossings are generally connected to a sidewalk, but some map them lines separately, so <b>watch out for false positives</b>. In general, crossings are designed to be part of a network, they should be connected to other features"
1167564719,way,not appliable,not appliable,"Crossings are generally connected to a sidewalk, but some map them lines separately, so <b>watch out for false positives</b>. In general, crossings are designed to be part of a network, they should be connected to other features"
1167566175,way,not appliable,not appliable,"Crossings are generally connected to a sidewalk, but some map them lines separately, so <b>watch out for false positives</b>. In general, crossings are designed to be part of a network, they should be connected to other features"
1167566178,way,not appliable,not appliable,"Crossings are generally connected to a sidewalk, but some map them lines separately, so <b>watch out for false positives</b>. In general, crossings are designed to be part of a network, they should be connected to other features"
1167573361,way,not appliable,not appliable,"Crossings are generally connected to a sidewalk, but some map them lines separately, so <b>watch out for false positives</b>. In general, crossings are designed to be part of a network, they should be connected to other features"
1184253376,way,not appliable,not appliable,"Crossings are generally connected to a sidewalk, but some map them lines separately, so <b>watch out for false positives</b>. In general, crossings are designed to be part of a network, they should be connected to other features"
1184257154,way,not appliable,not appliable,"Crossings are generally connected to a sidewalk, but some map them lines separately, so <b>watch out for false positives</b>. In general, crossings are designed to be part of a network, they should be connected to other features"
1184257155,way,not appliable,not appliable,"Crossings are generally connected to a sidewalk, but some map them lines separately, so <b>watch out for false positives</b>. In general, crossings are designed to be part of a network, they should be connected to other features"
1184257156,way,not appliable,not appliable,"Crossings are generally connected to a sidewalk, but some map them lines separately, so <b>watch out for false positives</b>. In general, crossings are designed to be part of a network, they should be connected to other features"
1193379172,way,not appliable,not appliable,"Crossings are generally connected to a sidewalk, but some map them lines separately, so <b>watch out for false positives</b>. In general, crossings are designed to be part of a network, they should be connected to other features"
1193379173,way,not appliable,not appliable,"Crossings are generally connected to a sidewalk, but some map them lines separately, so <b>watch out for false positives</b>. In general, crossings are designed to be part of a network, they should be connected to other features"
1193379174,way,not appliable,not appliable,"Crossings are generally connected to a sidewalk, but some map them lines separately, so <b>watch out for false positives</b>. In general, crossings are designed to be part of a network, they should be connected to other features"
1193379175,way,not appliable,not appliable,"Crossings are generally connected to a sidewalk, but some map them lines separately, so <b>watch out for false positives</b>. In general, crossings are designed to be part of a network, they should be connected to other features"
1193386503,way,not appliable,not appliable,"Crossings are generally connected to a sidewalk, but some map them lines separately, so <b>watch out for false positives</b>. In general, crossings are designed to be part of a network, they should be connected to other features"
1193433942,way,not appliable,not appliable,"Crossings are generally connected to a sidewalk, but some map them lines separately, so <b>watch out for false positives</b>. In general, crossings are designed to be part of a network, they should be connected to other features"
1193643227,way,not appliable,not appliable,"Crossings are generally connected to a sidewalk, but some map them lines separately, so <b>watch out for false positives</b>. In general, crossings are designed to be part of a network, they should be connected to other features"
1194778926,way,not appliable,not appliable,"Crossings are generally connected to a sidewalk, but some map them lines separately, so <b>watch out for false positives</b>. In general, crossings are designed to be part of a network, they should be connected to other features"
1201221343,way,not appliable,not appliable,"Crossings are generally connected to a sidewalk, but some map them lines separately, so <b>watch out for false positives</b>. In general, crossings are designed to be part of a network, they should be connected to other features"
1201221344,way,not appliable,not appliable,"Crossings are generally connected to a sidewalk, but some map them lines separately, so <b>watch out for false positives</b>. In general, crossings are designed to be part of a network, they should be connected to other features"
1201566869,way,not appliable,not appliable,"Crossings are generally connected to a sidewalk, but some map them lines separately, so <b>watch out for false positives</b>. In general, crossings are designed to be part of a network, they should be connected to other features"
1201566873,way,not appliable,not appliable,"Crossings are generally connected to a sidewalk, but some map them lines separately, so <b>watch out for false positives</b>. In general, crossings are designed to be part of a network, they should be connected to other features"
1201746874,way,not appliable,not appliable,"Crossings are generally connected to a sidewalk, but some map them lines separately, so <b>watch out for false positives</b>. In general, crossings are designed to be part of a network, they should be connected to other features"
1208196732,way,not appliable,not appliable,"Crossings are generally connected to a sidewalk, but some map them lines separately, so <b>watch out for false positives</b>. In general, crossings are designed to be part of a network, they should be connected to other features"
1218415084,way,not appliable,not appliable,"Crossings are generally connected to a sidewalk, but some map them lines separately, so <b>watch out for false positives</b>. In general, crossings are designed to be part of a network, they should be connected to other features"
1218415085,way,not appliable,not appliable,"Crossings are generally connected to a sidewalk, but some map them lines separately, so <b>watch out for false positives</b>. In general, crossings are designed to be part of a network, they should be connected to other features"
1218415086,way,not appliable,not appliable,"Crossings are generally connected to a sidewalk, but some map them lines separately, so <b>watch out for false positives</b>. In general, crossings are designed to be part of a network, they should be connected to other features"
1220294803,way,not appliable,not appliable,"Crossings are generally connected to a sidewalk, but some map them lines separately, so <b>watch out for false positives</b>. In general, crossings are designed to be part of a network, they should be connected to other features"
1220294804,way,not appliable,not appliable,"Crossings are generally connected to a sidewalk, but some map them lines separately, so <b>watch out for false positives</b>. In general, crossings are designed to be part of a network, they should be connected to other features"
1225939139,way,not appliable,not appliable,"Crossings are generally connected to a sidewalk, but some map them lines separately, so <b>watch out for false positives</b>. In general, crossings are designed to be part of a network, they should be connected to other features"
1225944452,way,not appliable,not appliable,"Crossings are generally connected to a sidewalk, but some map them lines separately, so <b>watch out for false positives</b>. In general, crossings are designed to be part of a network, they should be connected to other features"
1225944454,way,not appliable,not appliable,"Crossings are generally connected to a sidewalk, but some map them lines separately, so <b>watch out for false positives</b>. In general, crossings are designed to be part of a network, they should be connected to other features"
1271885015,way,not appliable,not appliable,"Crossings are generally connected to a sidewalk, but some map them lines separately, so <b>watch out for false positives</b>. In general, crossings are designed to be part of a network, they should be connected to other features"
1337668408,way,not appliable,not appliable,"Crossings are generally connected to a sidewalk, but some map them lines separately, so <b>watch out for false positives</b>. In general, crossings are designed to be part of a network, they should be connected to other features"
1337668409,way,not appliable,not appliable,"Crossings are generally connected to a sidewalk, but some map them lines separately, so <b>watch out for false positives</b>. In general, crossings are designed to be part of a network, they should be connected to other features"
1337668411,way,not appliable,not appliable,"Crossings are generally connected to a sidewalk, but some map them lines separately, so <b>watch out for false positives</b>. In general, crossings are designed to be part of a network, they should be connected to other features"
1337668412,way,not appliable,not appliable,"Crossings are generally connected to a sidewalk, but some map them lines separately, so <b>watch out for false positives</b>. In general, crossings are designed to be part of a network, they should be connected to other features"
1337668413,way,not appliable,not appliable,"Crossings are generally connected to a sidewalk, but some map them lines separately, so <b>watch out for false positives</b>. In general, crossings are designed to be part of a network, they should be connected to other features"
1337668414,way,not appliable,not appliable,"Crossings are generally connected to a sidewalk, but some map them lines separately, so <b>watch out for false positives</b>. In general, crossings are designed to be part of a network, they should be connected to other features"
1337668415,way,not appliable,not appliable,"Crossings are generally connected to a sidewalk, but some map them lines separately, so <b>watch out for false positives</b>. In general, crossings are designed to be part of a network, they should be connected to other features"
1337668425,way,not appliable,not appliable,"Crossings are generally connected to a sidewalk, but some map them lines separately, so <b>watch out for false positives</b>. In general, crossings are designed to be part of a network, they should be connected to other features"
1338329464,way,not appliable,not appliable,"Crossings are generally connected to a sidewalk, but some map them lines separately, so <b>watch out for false positives</b>. In general, crossings are designed to be part of a network, they should be connected to other features"
1338329465,way,not appliable,not appliable,"Crossings are generally connected to a sidewalk, but some map them lines separately, so <b>watch out for false positives</b>. In general, crossings are designed to be part of a network, they should be connected to other features"
1338329466,way,not appliable,not appliable,"Crossings are generally connected to a sidewalk, but some map them lines separately, so <b>watch out for false positives</b>. In general, crossings are designed to be part of a network, they should be connected to other features"
1338336055,way,not appliable,not appliable,"Crossings are generally connected to a sidewalk, but some map them lines separately, so <b>watch out for false positives</b>. In general, crossings are designed to be part of a network, they should be connected to other features"
1338336056,way,not appliable,not appliable,"Crossings are generally connected to a sidewalk, but some map them lines separately, so <b>watch out for false positives</b>. In general, crossings are designed to be part of a network, they should be connected to other features"
1338336057,way,not appliable,not appliable,"Crossings are generally connected to a sidewalk, but some map them lines separately, so <b>watch out for false positives</b>. In general, crossings are designed to be part of a network, they should be connected to other features"
1338336058,way,not appliable,not appliable,"Crossings are generally connected to a sidewalk, but some map them lines separately, so <b>watch out for false positives</b>. In general, crossings are designed to be part of a network, they should be connected to other features"
1338341193,way,not appliable,not appliable,"Crossings are generally connected to a sidewalk, but some map them lines separately, so <b>watch out for false positives</b>. In general, crossings are designed to be part of a network, they should be connected to other features"
1338341194,way,not appliable,not appliable,"Crossings are generally connected to a sidewalk, but some map them lines separately, so <b>watch out for false positives</b>. In general, crossings are designed to be part of a network, they should be connected to other features"
1338341195,way,not appliable,not appliable,"Crossings are generally connected to a sidewalk, but some map them lines separately, so <b>watch out for false positives</b>. In general, crossings are designed to be part of a network, they should be connected to other features"
1338341196,way,not appliable,not appliable,"Crossings are generally connected to a sidewalk, but some map them lines separately, so <b>watch out for false positives</b>. In general, crossings are designed to be part of a network, they should be connected to other features"
1338768169,way,not appliable,not appliable,"Crossings are generally connected to a sidewalk, but some map them lines separately, so <b>watch out for false positives</b>. In general, crossings are designed to be part of a network, they should be connected to other features"
1338768172,way,not appliable,not appliable,"Crossings are generally connected to a sidewalk, but some map them lines separately, so <b>watch out for false positives</b>. In general, crossings are designed to be part of a network, they should be connected to other features"
1338768174,way,not appliable,not appliable,"Crossings are generally connected to a sidewalk, but some map them lines separately, so <b>watch out for false positives</b>. In general, crossings are designed to be part of a network, they should be connected to other features"
1338768187,way,not appliable,not appliable,"Crossings are generally connected to a sidewalk, but some map them lines separately, so <b>watch out for false positives</b>. In general, crossings are designed to be part of a network, they should be connected to other features"
1338768188,way,not appliable,not appliable,"Crossings are generally connected to a sidewalk, but some map them lines separately, so <b>watch out for false positives</b>. In general, crossings are designed to be part of a network, they should be connected to other features"
1338768189,way,not appliable,not appliable,"Crossings are generally connected to a sidewalk, but some map them lines separately, so <b>watch out for false positives</b>. In general, crossings are designed to be part of a network, they should be connected to other features"
1338768190,way,not appliable,not appliable,"Crossings are generally connected to a sidewalk, but some map them lines separately, so <b>watch out for false positives</b>. In general, crossings are designed to be part of a network, they should be connected to other features"
1338866200,way,not appliable,not appliable,"Crossings are generally connected to a sidewalk, but some map them lines separately, so <b>watch out for false positives</b>. In general, crossings are designed to be part of a network, they should be connected to other features"
1338866201,way,not appliable,not appliable,"Crossings are generally connected to a sidewalk, but some map them lines separately, so <b>watch out for false positives</b>. In general, crossings are designed to be part of a network, they should be connected to other features"
1339809196,way,not appliable,not appliable,"Crossings are generally connected to a sidewalk, but some map them lines separately, so <b>watch out for false positives</b>. In general, crossings are designed to be part of a network, they should be connected to other features"
1339809197,way,not appliable,not appliable,"Crossings are generally connected to a sidewalk, but some map them lines separately, so <b>watch out for false positives</b>. In general, crossings are designed to be part of a network, they should be connected to other features"
1339809198,way,not appliable,not appliable,"Crossings are generally connected to a sidewalk, but some map them lines separately, so <b>watch out for false positives</b>. In general, crossings are designed to be part of a network, they should be connected to other features"
1339926536,way,not appliable,not appliable,"Crossings are generally connected to a sidewalk, but some map them lines separately, so <b>watch out for false positives</b>. In general, crossings are designed to be part of a network, they should be connected to other features"
1339969685,way,not appliable,not appliable,"Crossings are generally connected to a sidewalk, but some map them lines separately, so <b>watch out for false positives</b>. In general, crossings are designed to be part of a network, they should be connected to other features"
1340069430,way,not appliable,not appliable,"Crossings are generally connected to a sidewalk, but some map them lines separately, so <b>watch out for false positives</b>. In general, crossings are designed to be part of a network, they should be connected to other features"
1340069431,way,not appliable,not appliable,"Crossings are generally connected to a sidewalk, but some map them lines separately, so <b>watch out for false positives</b>. In general, crossings are designed to be part of a network, they should be connected to other features"
1347981355,way,not appliable,not appliable,"Crossings are generally connected to a sidewalk, but some map them lines separately, so <b>watch out for false positives</b>. In general, crossings are designed to be part of a network, they should be connected to other features"
1349189859,way,not appliable,not appliable,"Crossings are generally connected to a sidewalk, but some map them lines separately, so <b>watch out for false positives</b>. In general, crossings are designed to be part of a network, they should be connected to other features"
1364869150,way,not appliable,not appliable,"Crossings are generally connected to a sidewalk, but some map them lines separately, so <b>watch out for false positives</b>. In general, crossings are designed to be part of a network, they should be connected to other features"
1364869151,way,not appliable,not appliable,"Crossings are generally connected to a sidewalk, but some map them lines separately, so <b>watch out for false positives</b>. In general, crossings are designed to be part of a network, they should be connected to other features"
1367319296,way,not appliable,not appliable,"Crossings are generally connected to a sidewalk, but some map them lines separately, so <b>watch out for false positives</b>. In general, crossings are designed to be part of a network, they should be connected to other features"
1373391424,way,not appliable,not appliable,"Crossings are generally connected to a sidewalk, but some map them lines separately, so <b>watch out for false positives</b>. In general, crossings are designed to be part of a network, they should be connected to other features"
1373391425,way,not appliable,not appliable,"Crossings are generally connected to a sidewalk, but some map them lines separately, so <b>watch out for false positives</b>. In general, crossings are designed to be part of a network, they should be connected to other features"
1384814363,way,not appliable,not appliable,"Crossings are generally connected to a sidewalk, but some map them lines separately, so <b>watch out for false positives</b>. In general, crossings are designed to be part of a network, they should be connected to other features"
1384814365,way,not appliable,not appliable,"Crossings are generally connected to a sidewalk, but some map them lines separately, so <b>watch out for false positives</b>. In general, crossings are designed to be part of a network, they should be connected to other features"
1384814381,way,not appliable,not appliable,"Crossings are generally connected to a sidewalk, but some map them lines separately, so <b>watch out for false positives</b>. In general, crossings are designed to be part of a network, they should be connected to other features"
1413172042,way,not appliable,not appliable,"Crossings are generally connected to a sidewalk, but some map them lines separately, so <b>watch out for false positives</b>. In general, crossings are designed to be part of a network, they should be connected to other features"
1413405824,way,not appliable,not appliable,"Crossings are generally connected to a sidewalk, but some map them lines separately, so <b>watch out for false positives</b>. In general, crossings are designed to be part of a network, they should be connected to other features"
1414054889,way,not appliable,not appliable,"Crossings are generally connected to a sidewalk, but some map them lines separately, so <b>watch out for false positives</b>. In general, crossings are designed to be part of a network, they should be connected to other features"
1414762835,way,not appliable,not appliable,"Crossings are generally connected to a sidewalk, but some map them lines separately, so <b>watch out for false positives</b>. In general, crossings are designed to be part of a network, they should be connected to other features"
1415224406,way,not appliable,not appliable,"Crossings are generally connected to a sidewalk, but some map them lines separately, so <b>watch out for false positives</b>. In general, crossings are designed to be part of a network, they should be connected to other features"
1415385674,way,not appliable,not appliable,"Crossings are generally connected to a sidewalk, but some map them lines separately, so <b>watch out for false positives</b>. In general, crossings are designed to be part of a network, they should be connected to other features"
1415385675,way,not appliable,not appliable,"Crossings are generally connected to a sidewalk, but some map them lines separately, so <b>watch out for false positives</b>. In general, crossings are designed to be part of a network, they should be connected to other features"
1422963477,way,not appliable,not appliable,"Crossings are generally connected to a sidewalk, but some map them lines separately, so <b>watch out for false positives</b>. In general, crossings are designed to be part of a network, they should be connected to other features"
1422963478,way,not appliable,not appliable,"Crossings are generally connected to a sidewalk, but some map them lines separately, so <b>watch out for false positives</b>. In general, crossings are designed to be part of a network, they should be connected to other features"
1447516539,way,not appliable,not appliable,"Crossings are generally connected to a sidewalk, but some map them lines separately, so <b>watch out for false positives</b>. In general, crossings are designed to be part of a network, they should be connected to other features"
1448210084,way,not appliable,not appliable,"Crossings are generally connected to a sidewalk, but some map them lines separately, so <b>watch out for false positives</b>. In general, crossings are designed to be part of a network, they should be connected to other features"
1448210086,way,not appliable,not appliable,"Crossings are generally connected to a sidewalk, but some map them lines separately, so <b>watch out for false positives</b>. In general, crossings are designed to be part of a network, they should be connected to other features"
1448219971,way,not appliable,not appliable,"Crossings are generally connected to a sidewalk, but some map them lines separately, so <b>watch out for false positives</b>. In general, crossings are designed to be part of a network, they should be connected to other features"
